Epochs, (${L}_{cl}$), (${L}_{Rl}$), (${L}_{ms}$), (${L}$)
0,1.007920269417969,1.2087074144681862,1.100376642022181,1.8055223761980712
1,0.9927726974345539,1.1912184233297105,1.0945354238844167,1.7894219052927274
2,0.9709260612133522,1.1704301687003007,1.0761259962474203,1.7584336867189059
3,0.9602408786314914,1.158421445424552,1.0678094216873273,1.7430442322627524
4,0.9387149675733883,1.142239371018851,1.0531949574956685,1.718186139762433
5,0.9261546282354236,1.1222671732765601,1.0355723699561354,1.6893214194179578
6,0.9127412606334554,1.108637467133298,1.0285158231436533,1.6741086827736478
7,0.8954670274002792,1.088222945068063,1.0117783673311036,1.645436542605163
8,0.8825356535960576,1.0744865347901416,1.0037463590169888,1.6292431917716654
9,0.8644405636907456,1.0553417119183686,0.9870311632337669,1.6011460755620257
10,0.849561105482943,1.0433608393536264,0.9780648865227295,1.584701416747837
11,0.8334827130691359,1.028332457187976,0.9682379590509236,1.5657524589518252
12,0.8282077631855542,1.0180281325824942,0.9486957468213782,1.5405305894311807
13,0.8149935129278264,0.9977539684665676,0.9394553904618512,1.5198317259879177
14,0.795744660277762,0.9844382012839868,0.9295315596294145,1.501325126299184
15,0.7788876731098415,0.9768319638111772,0.9188554314916325,1.4851601807082053
16,0.7724990666885339,0.9550530429785087,0.9031330857603125,1.4579095139184202
17,0.755517561557369,0.9504649838527506,0.8912498934667696,1.442034141548882
18,0.7441819277025501,0.9325172772852942,0.884696612681841,1.425373444094743
19,0.7286814929339115,0.9178747235864728,0.8742274427107126,1.4060329537973402
20,0.722055712934746,0.902169171729699,0.8579904918528684,1.3812806490111924
21,0.7089196939326473,0.8927904458113001,0.8518342760645694,1.3691214683634843
22,0.7025167708657996,0.8776702620337944,0.8429272372453875,1.3520140453488647
23,0.6911552551651668,0.8652496627944014,0.8288907380513925,1.33063109496511
24,0.6742306851084537,0.8550964940777046,0.8234916520604406,1.3184629676101383
25,0.668996815559319,0.8477211549215676,0.8095621536640005,1.3003224126807162
26,0.6545877658600319,0.8341889861861866,0.8008633257465997,1.2834165954256962
27,0.6417391082173972,0.8165851200074297,0.7856639273440305,1.258130398169485
28,0.6314100420578638,0.8085399739283338,0.7773553388544887,1.244766330024442
29,0.6252331962946003,0.7930141329588976,0.7696620901354063,1.2286924762443152
30,0.6104870666801305,0.7819274221042228,0.7590953640243525,1.211107781744477
31,0.6002192834578546,0.7790480983164948,0.747786411694297,1.1973323891983298
32,0.59279604659948,0.7618091041770375,0.7424593407320801,1.1826434974805469
33,0.5820344329878481,0.751355728608615,0.7287262468657575,1.16260755446885
34,0.5717448708718273,0.7438054743109341,0.7263844903616825,1.1554617146043324
35,0.5661971447056375,0.7361552555484213,0.7196841224358429,1.1443814646806174
36,0.5501197660573457,0.7273056103137508,0.7094847713017747,1.1281495530643846
37,0.5489524314647685,0.7096213231664484,0.6931445745817442,1.1028504793114453
38,0.5337659765879527,0.700621400974808,0.68827270998619,1.0919600081323892
39,0.5303889944093042,0.6883275800304521,0.6773299351938351,1.0745326246499916
40,0.5155340560026064,0.6810129135389241,0.6690895705535705,1.0611494329232933
41,0.5084149405384224,0.6688655258123049,0.658970506261662,1.0442447632216565
42,0.502187698968607,0.6591227994805079,0.6580161433232216,1.0377963129603363
43,0.4889414701788962,0.653298636583182,0.6481567726340336,1.0237002379435143
44,0.48359063098009775,0.6474119566943686,0.6412151460077032,1.0132801874528972
45,0.47827965186453586,0.635016282758301,0.6322224283530413,0.9975585349186454
46,0.4712724189430268,0.6314848320830571,0.6230545522179222,0.9859242101537534
47,0.46620498908025876,0.613231090432848,0.6115685987535308,0.9648046428779806
48,0.45418239945914296,0.6066524406700923,0.605889429237673,0.9546338895186335
49,0.4432732221813267,0.5959857955768121,0.605256768139352,0.9475769881458906
50,0.43786999016785494,0.5908025092234127,0.5953781226034346,0.9345663762319265
51,0.4371745026638757,0.583490264654393,0.5820438451496273,0.9175064277432112
52,0.42775965949630673,0.5717433905851007,0.5779765520561364,0.9066242132983175
53,0.4187855782136072,0.565199726268902,0.5684725634437119,0.8929509843995236
54,0.4145871572103923,0.5582688878539769,0.5610711915382766,0.8816643511863043
55,0.4092651540456703,0.5512939448712096,0.5628272384631224,0.8794007263032944
56,0.3991006732765381,0.5442464985719968,0.5491571818295282,0.8611904984431804
57,0.3921188435779195,0.5344060212033332,0.5425132812443272,0.8489281762037858
58,0.384869562923935,0.5292433688303525,0.5423847981324743,0.8454934388400441
59,0.38014862600004184,0.5231479211843565,0.5317103856301706,0.831299208822353
60,0.3690962332594607,0.5165562993795529,0.5270779923543633,0.8222657653700858
61,0.3651825491373826,0.5041270404784273,0.5210385002540304,0.8096202754069823
62,0.36027517048177604,0.5048054395594757,0.5124558547236886,0.8008860915516041
63,0.3585072962957871,0.4971570915450946,0.5018277079544354,0.7862569833565614
64,0.35072924239534836,0.48481333421049283,0.49945507355437724,0.7769346648991584
65,0.345702597073761,0.477879042098489,0.4959236681503048,0.7694334489069254
66,0.3351653394812647,0.47538342252827953,0.4822091352576332,0.7534173804698995
67,0.3296406057213483,0.46951091684833507,0.4774269600137219,0.7451464790100243
68,0.3300042389372926,0.4631058415775787,0.47732404766682585,0.7418773923493445
69,0.3247231836562561,0.45459956977362215,0.46558529048156483,0.7253573937340014
70,0.313975987296707,0.4473062873694076,0.46820345503205757,0.723254197446432
71,0.31232890110188666,0.43602752169610776,0.46024027049543353,0.7094869214536761
72,0.3047339777737284,0.4337169281123114,0.4562135857208758,0.7035454475544043
73,0.3000800301577522,0.4324252639086386,0.4424999220847213,0.6887205570548158
74,0.29877662325037446,0.4268507112527061,0.4417629043060833,0.6850659222574738
75,0.2893137555993493,0.4160693514645613,0.43786637933722494,0.6748324306294405
76,0.28326802410023655,0.4082462977258372,0.4330162161012193,0.6654661673741615
77,0.28657756884398566,0.4028912962644169,0.4203452985789812,0.6504487035955882
78,0.2795977000894593,0.4028519035893101,0.42191577339356623,0.6513014951971672
79,0.27213777211143925,0.3950806584283756,0.414846562210211,0.6396006686355427
80,0.2669214413909485,0.3850715590463622,0.41200387613340445,0.6312317997956804
81,0.2597172779081601,0.37822735017260406,0.4025317700065616,0.6176171728836797
82,0.2622727243406319,0.3794507187319326,0.395435970649465,0.6113886024494946
83,0.2590319531221757,0.3755392646846122,0.3928862402669367,0.6065590679214603
84,0.2495398017581571,0.36874296248985866,0.39004184285620924,0.5993673042769543
85,0.24628835862005274,0.358812026801288,0.3865030339198685,0.5905378831825178
86,0.24554959915860625,0.357362530668397,0.3784023109125044,0.5816385361625636
87,0.24015938306291496,0.3476015270844663,0.3736877364993525,0.5715044383478771
88,0.23753488023562985,0.34713652959054475,0.36768633347984897,0.5650080862986844
89,0.22923739728338638,0.34146473113949205,0.36211428540930596,0.5557703907073906
90,0.2290585858733293,0.3399652976944029,0.3646680989878241,0.5575566064223585
91,0.22488281367391638,0.33151708993702617,0.3559548342656745,0.5442016606015792
92,0.2239032112557579,0.32884427124898324,0.35067774960905623,0.5374902063591236
93,0.2136746842437057,0.3232767321987558,0.3447492313461533,0.5277550658699018
94,0.20998119516548705,0.31793240786490334,0.34251039714786613,0.5224747205968665
95,0.21192940045269235,0.3142994969285324,0.33952339292665445,0.5178660814361898
96,0.2099656993775196,0.30737254585974977,0.3354720779815604,0.5101549208491872
97,0.20381747760518867,0.3042781983509888,0.327689680812911,0.5002105277489243
98,0.20413341540363267,0.2963292237870215,0.3311179120628194,0.4996958654966934
99,0.1962629405541294,0.29607481448004114,0.3211816057792453,0.4888453070746788
100,0.19304498285370614,0.29313010315824567,0.318175025323711,0.48404457518820443
101,0.19107945820242286,0.28354801275216335,0.3167142991272224,0.47759625132354633
102,0.18812357978537614,0.28666965426016444,0.31190723669789827,0.4740544218065181
103,0.18918817924179576,0.28338280801031424,0.3115603439136947,0.4721705658430314
104,0.1866194328454416,0.2730207994020363,0.3031746302086276,0.45834697319418993
105,0.17645529664410625,0.2732670647957351,0.29778738801815396,0.4520664500804321
106,0.1782256532917076,0.2688662192532004,0.3020137559882763,0.45426943094404726
107,0.17703785257156462,0.26611546493029814,0.28970184335975335,0.44046336108205886
108,0.16552177362224438,0.26387018553122477,0.2882405579650742,0.436727828092911
109,0.16434139835860673,0.2561922353288021,0.2894107866726091,0.4339410441728708
110,0.16453653449043934,0.2571416556678784,0.280052604438762,0.42507708572174513
111,0.16516752175915891,0.25477561232718293,0.28034493285323975,0.42424949119274713
112,0.1603561826704268,0.24321045057748783,0.2743125300663511,0.4119533736221377
113,0.15384475827808577,0.24548614243989073,0.27715259704104184,0.41528014408879577
114,0.15370021583392543,0.23848588621947342,0.2694624735135945,0.40407543820672376
115,0.14962798103333372,0.23995230952958146,0.2641898217657844,0.39912877463390856
116,0.15449883227203912,0.23779224637031549,0.2643676359745055,0.3987136423868672
117,0.15046274242086974,0.22928026424231518,0.2620022988216053,0.3916887051848499
118,0.1463978163712757,0.22277936286291633,0.25241094194555913,0.3784404050141449
119,0.14132026817080004,0.22343322190298917,0.2489548131817515,0.3748034509503261
120,0.1356855676712795,0.2258550958298324,0.25449566738414436,0.3809917720661885
121,0.1405322877515781,0.2189892750601745,0.24586677564133216,0.36941464194657725
122,0.13211159553652047,0.2113225547568661,0.2485319003945864,0.3674043373266715
123,0.12986243686651727,0.21014079509101474,0.24547541564832676,0.36353205688048584
124,0.13529592895096423,0.2115843285645854,0.23506649012846406,0.35438824730585317
125,0.12620321464213294,0.20731639182918005,0.2379753968608416,0.3542539142396449
126,0.12579187434879358,0.20115721543498488,0.23025529061492914,0.3434130857673009
127,0.12801441072405603,0.19957219593654785,0.23419571227378955,0.3467832513144691
128,0.12373067799681467,0.20255995645019606,0.23079507255656914,0.34444811858134866
129,0.11946956510401706,0.19463948461192138,0.22911642713221286,0.3383831259485752
130,0.12086755974073012,0.19289964859409792,0.21979731450520262,0.3283338947763246
131,0.11872045697511548,0.19231025584701764,0.2204983263360505,0.32852549995707087
132,0.11835413371759322,0.19187817912621624,0.2205592371951356,0.32833374013000305
133,0.11594330337503136,0.18349480041173283,0.21247222697563178,0.3158139575190013
134,0.11138046146028549,0.17811006812116686,0.21512971588321553,0.3153227960898275
135,0.10671056268916669,0.18402601405132746,0.21206189949271043,0.31474596278729083
136,0.10972727072229072,0.1740160370851091,0.20214821351433032,0.30012895912911397
137,0.11180364154179032,0.17526098164598983,0.20431812525289295,0.3031289802300669
138,0.1015607418209761,0.1673024394635886,0.19681987964279504,0.29062717355668694
139,0.10211332880837115,0.17231204465357555,0.1999494296120875,0.2963167848197124
140,0.09942692897552392,0.16398360075849683,0.19920646452529162,0.2911409578020924
141,0.10292163529334139,0.16404927648332343,0.19079996741794852,0.2831167691889444
142,0.10123358337096985,0.16597406490478558,0.18921456205216736,0.28232495284165715
143,0.09548157760772182,0.16304112310858615,0.1936780853497637,0.28474680466482893
144,0.09594800028187547,0.15629876566790257,0.18777358082812917,0.27551776369026804
145,0.09182720077882348,0.15561801813257645,0.18511360664293325,0.27210533578710383
146,0.08954588867876698,0.15087465386035726,0.18173852070844398,0.2661304365064993
147,0.08746321714248015,0.15233903300227744,0.18206826125944384,0.2669840994748306
148,0.09056571802175266,0.15198191093344893,0.1773829638635841,0.26243049113248385
149,0.08732074716703499,0.14849238742778997,0.1741454442345012,0.2571237126650997
150,0.09176368785990793,0.14940337554953617,0.17093954242254017,0.25481759898329903
151,0.08582623089345097,0.14798527723565336,0.1738858158994878,0.2564610776066596
152,0.08091552744494931,0.14378521727532825,0.17310953712943403,0.2530936985115931
153,0.07896447718978492,0.1405601764591434,0.16509330569819106,0.24326984164674126
154,0.0784331337741739,0.14053800957671775,0.16278608553832707,0.24089840370410334
155,0.07783765804011232,0.13547819482300233,0.16033095208151335,0.23585381529702576
156,0.08405279963917563,0.13436234780344652,0.15925999280340086,0.2348464466690417
157,0.07902004109032065,0.1371030817168302,0.16038547259088023,0.23683901755832737
158,0.07431836397845894,0.1317529165641112,0.15291911806682185,0.22622741274672334
159,0.07862859358788449,0.1252118932594224,0.16046164557129577,0.2309304515597954
160,0.07920189359895374,0.1317006648655968,0.14892430011103672,0.22269482190373052
161,0.0737081110999701,0.1229370268416731,0.14756679966012565,0.21640612419095923
162,0.070704049649687,0.1256800445817179,0.15045139141879887,0.2203618186746265
163,0.06629271513502817,0.11790317756023816,0.15030049443552224,0.21588135472914413
164,0.07248889195983135,0.11924803793713043,0.1499480622642762,0.21682097042882453
165,0.06942113662127145,0.11710705198854611,0.1454044928536069,0.2109001325100071
166,0.0705402797558202,0.11596249967448945,0.1394888827892375,0.20452416060206424
167,0.06562681198901901,0.11494112054666118,0.13972433054067385,0.20375757201290634
168,0.06911777804822702,0.11140632522114567,0.1397636497085996,0.20237859012399517
169,0.0612420944020465,0.10754477347141446,0.13377545329967014,0.193672049475582
170,0.060558824220002146,0.11509774223567547,0.1329342086674111,0.19653896220724906
171,0.059098212714987906,0.11275754422550117,0.1374972773229649,0.1997858707072143
172,0.061015594389798165,0.10444719310972415,0.1296647572360495,0.1879899132298914
173,0.06489879795294853,0.1046296812307305,0.12666959420772733,0.18547431461838745
174,0.06285350989645502,0.10323438690111661,0.12926114468715139,0.1871636891273552
175,0.05810244797232906,0.10479040261512437,0.127376708492711,0.1855821545975061
176,0.06087788509087794,0.10351047197554192,0.12976631892146434,0.18760934341832308
177,0.06168218681122057,0.10384104561565066,0.12223746422875603,0.18032620571770341
178,0.05331323105361125,0.0990809666628585,0.12262641552685964,0.17749822196365
179,0.05140953793608226,0.09806559700786621,0.12102382866499581,0.17519758096253715
180,0.05020329226746757,0.09908784959519201,0.1248354696057007,0.17939972363004347
181,0.054676669770268346,0.09687587971655169,0.1182546317657383,0.172160238601041
182,0.05444564868357869,0.0908120470800174,0.11960995910874575,0.17046054751711232
183,0.054963598982311186,0.09577233995609791,0.11876889326266446,0.17215142313894455
184,0.05249416139314752,0.09302993836092091,0.11085502932554789,0.1626194146453231
185,0.05155002009681228,0.09511107913169978,0.10895688928439051,0.16166743085992163
186,0.04574525303241461,0.09168154807548766,0.10882215174275718,0.15923745108374246
187,0.05299909567548265,0.0845254204737491,0.11607065068588003,0.16363327049030285
188,0.04597820627316929,0.09178335578747128,0.10950469999499671,0.15999419851604926
189,0.04810561188371859,0.08417471758739312,0.10888018975042708,0.1557781097324955
190,0.04716938930016579,0.08395771526006587,0.10851446643024863,0.15521026299029816
191,0.04292642178527299,0.07844349816265671,0.10603856731557919,0.14955295857543485
192,0.050516076111685695,0.0839578600889991,0.10909619132354714,0.15612672897921526
193,0.04553107590207435,0.08403279736875882,0.10586663702387446,0.1524361432984613
194,0.04078800833893019,0.0831810543474427,0.09738468513282023,0.1430540131404346
195,0.04485710514340178,0.07983650167922449,0.10596755364363793,0.15037151499759033
196,0.04617862355940655,0.07624906054274025,0.10269681929968641,0.1454392119269972
197,0.03797703517105646,0.07393131432035357,0.101170659736307,0.14193402041358943
198,0.03884042976103983,0.07650266134956167,0.09449967544336363,0.13663504909424845
199,0.03956681163575118,0.07752091726285669,0.09534724103668236,0.13806438083168582
200,0.037425362374149444,0.07700825762315477,0.09260457399274923,0.13485123904174157
201,0.04280772055288917,0.08576424221881214,0.10174519469602655,0.14890808786072154
202,0.042655411875332,0.0852456986982708,0.09779642711709093,0.1446848176537595
203,0.04343044026988179,0.08104895927646831,0.09849518755904768,0.14336271122427002
204,0.0424505412002506,0.08539719580142673,0.09075771374938305,0.13770136577012146
205,0.03810104797574902,0.07761136395310667,0.09563458278294774,0.13825036955707598
206,0.037670452255604024,0.08422489534340133,0.09424568419338297,0.14012517709064404
207,0.03668789828456027,0.08005855326491189,0.08978613664270843,0.1334842031036204
208,0.0422910371824601,0.07620911011981026,0.08894870227645739,0.13128236105460853
209,0.03962706032331283,0.07530113391187997,0.08917761880174999,0.13079089179002126
210,0.04004769272010298,0.07538685106115033,0.09733906688567517,0.13903726168826064
211,0.03530210714670774,0.08137170730672248,0.09301309132505844,0.13722915569309047
212,0.04273859159308926,0.07506498516837709,0.08900570186852731,0.1308120536120248
213,0.038477696437787756,0.0775131024428858,0.08684543515104476,0.12944975601626643
214,0.03484250970538422,0.08004345947342378,0.09411253918441256,0.13761851989166288
215,0.03868102185598577,0.0747884895037186,0.08880103500560331,0.1300633819430612
216,0.04141781964182987,0.07586731116998191,0.08888920636775234,0.13096464391692628
217,0.04234371814348727,0.07136081821034836,0.09197443010835579,0.1318892110278787
218,0.04176510037357418,0.08019837527036192,0.09201097333156397,0.13628667100410236
219,0.038371200660320764,0.07386666463937763,0.08457327649524667,0.12534372888096756
220,0.03913592784704978,0.07445849224948156,0.09137426547290757,0.1325171043823533
221,0.03577222336815414,0.07347097632501277,0.08249017780416498,0.12280288830348679
222,0.03625357888803515,0.07096372781771998,0.08473398348071313,0.12384120527837664
223,0.03395680194351005,0.06882380795059767,0.08507596525593147,0.12288354942558131
224,0.03815997116631005,0.07336811302729572,0.08941088551870593,0.1299109391489848
225,0.04187727444028844,0.06857305221863662,0.08434757252807518,0.12282182608142234
226,0.036950723420073085,0.07119155253045505,0.08303515373323675,0.12232600234047158
227,0.03679697373221383,0.0673088294171839,0.08108714449839316,0.1184212565802065
228,0.032075866163576515,0.07583984083931888,0.08594817091179557,0.12707567794781266
229,0.03649034278144421,0.06943150851046517,0.08313912704285871,0.12150391557623572
230,0.03592983125917894,0.06930588039447433,0.08678168880997199,0.12502761213312705
231,0.038772725984507275,0.07020625788125234,0.08058404551760616,0.11956444705668307
232,0.03251977452937319,0.06790739761980999,0.08701525915274487,0.12422093541558718
233,0.035278763077043966,0.06897966115647179,0.08238067626840331,0.12039838315434362
234,0.04036728019730935,0.0685825465348901,0.08466917388449549,0.12299717517167147
235,0.0328250670486552,0.0731638963039027,0.08065124298458684,0.1205156978414037
236,0.03549614607083362,0.06788365086706837,0.08257241276119438,0.12006385280181192
237,0.033923283661448714,0.07129625007843993,0.07819062241581307,0.1172310758211779
238,0.03388063562317277,0.06497549170449042,0.0753228460817997,0.11119865549636218
239,0.03413009791160669,0.06993696125926878,0.08029552489151574,0.11867701531231081
240,0.034555332494024,0.07280115351732884,0.08410026147282745,0.12395637148089428
241,0.037662183024185704,0.06489856514970434,0.08142313538285259,0.11763863626012333
242,0.029961847974690772,0.0650849251030171,0.07759815888952414,0.11313680623850175
243,0.03325368472242798,0.0710042333391918,0.07434487920160984,0.11317236434344854
244,0.033638835457916266,0.06862758439307359,0.07352496816304274,0.11120264390537117
245,0.0316850935120772,0.06961420582006675,0.08066997617794591,0.118645588439187
246,0.029506985245763527,0.07115877894773955,0.07258323300913062,0.11111332100757676
247,0.03754123745290788,0.0689493829722994,0.07617620855448451,0.11440502378592499
248,0.033261701115269285,0.061527823371829535,0.0766379762335075,0.1107280580309492
249,0.03681532788519674,0.06567307644656634,0.07425542778310044,0.11077349879490328
250,0.03397858232201139,0.06309413280829596,0.07678216595582738,0.11172709059217649
251,0.033362571054090476,0.06718993960438598,0.07117736898762406,0.10810859589522609
252,0.03109672337890772,0.059680332143743894,0.07545527993390143,0.10840511834366415
253,0.03378262353767007,0.060252876313493374,0.0789319807335168,0.1124366812440305
254,0.029454434650210515,0.06596768631181567,0.07021931478066414,0.10614860140159302
255,0.029733998995882548,0.062307774862891484,0.07123507278383062,0.10536236011486462
256,0.036711894283071714,0.06538044115066982,0.07765831859946914,0.11401972860311123
257,0.03662666313249816,0.06217582367285423,0.07255725026946357,0.1073078284191405
258,0.030281855633039378,0.06704407116754033,0.07274286975941878,0.10929309090649288
259,0.03099629121207327,0.06576402795676067,0.0746192954072019,0.11060093850678956
260,0.03512061047235103,0.0636494104948836,0.07080333733019499,0.10614010362487189
261,0.029147113633629963,0.06410173941028921,0.07497482255869371,0.10994040362720131
262,0.03244150795876452,0.05915855640397203,0.06655229727959132,0.09937572627745378
263,0.02991235127555827,0.058639119283219826,0.07289429877227031,0.10520509354143605
264,0.03263549458387048,0.06267813259592345,0.07000261475184041,0.10460523050818919
265,0.033568929255325335,0.06131423282294979,0.07275210203442749,0.10676611137143492
266,0.0348475936544984,0.05886296230212209,0.06423066737124651,0.0971469078877574
267,0.028897293828478294,0.06490504597248394,0.07108290802388076,0.10642516039297056
268,0.029958596205986728,0.059279304215085954,0.06506927404822774,0.09770478577636939
269,0.028382654567225985,0.061085316339137684,0.0672665089607072,0.10064743258699864
270,0.030210318046966677,0.059875096263584185,0.06867866524749572,0.10163724518398448
271,0.028744596946434806,0.061126965980832365,0.07137812737433828,0.10481607005939794
272,0.033807126377853505,0.05929196510671447,0.06987315974898947,0.10289985494013205
273,0.02708056711706364,0.06301413598348445,0.07125817577095994,0.10547330047440853
274,0.028835799636089607,0.06298191552316502,0.0701772644687076,0.10455180219389906
275,0.029297639988251044,0.059173378634246446,0.06621493916541979,0.09873139248136811
276,0.026127284276566215,0.05768957347948182,0.062080515292285685,0.09353803045968323
277,0.02694748212906964,0.05719713758805911,0.06924605022758734,0.10053936723452386
278,0.024418234109417552,0.06041963275656523,0.06981450233492456,0.10246614212414894
279,0.028914562037849506,0.058558689852142534,0.06001595007695866,0.09218675120681488
280,0.031301321052440295,0.05907900850521261,0.06587415267144751,0.09854378902929785
281,0.03140543567050162,0.06080597225400525,0.06037137372087544,0.09391490341492822
282,0.02467795596020099,0.05604888287844144,0.0587651281067958,0.08925736514203661
283,0.030112915865840317,0.058609289482570444,0.061781675033685916,0.09409761136155517
284,0.02565459230028389,0.05301913869762399,0.06316123271309391,0.0922362612919343
285,0.030562972058164235,0.057357204479020735,0.06469755648129781,0.0964324559266246
286,0.029102577436497072,0.05982615221591945,0.058848390370263036,0.09167172422187246
287,0.028184081659234222,0.059223175415424115,0.05843631717097088,0.09086631304460635
288,0.02580075933839737,0.05026026712252568,0.05850935882442985,0.08621956831953242
289,0.025914894727884732,0.053650921228132475,0.06363850691120809,0.09305545699806281
290,0.02962333298348762,0.051422349493798196,0.06520296238071158,0.09387647042595944
291,0.025096646466826664,0.05617224890478649,0.06357977019398478,0.09417555929306068
292,0.03134253434519749,0.054143071868231855,0.05859127348502677,0.08879706285366244
293,0.029822714125432602,0.05711832425892459,0.058547475691980794,0.09008890923398635
294,0.022239485663471843,0.05405984923458868,0.05998678529927569,0.0892406584829172
295,0.02201731302275483,0.04948380066383461,0.06151787123586461,0.08846150287005738
296,0.026575898274055473,0.05609639183500293,0.06190354612210925,0.09260933186701625
297,0.024281689863157055,0.05069508221695892,0.05652456666022939,0.08430027675502455
298,0.026985719572900097,0.05332431484399883,0.05642431738314147,0.0857850467624309
299,0.027393065520326953,0.05596921444450936,0.05644757314244602,0.0871714869167334
300,0.02143390075339428,0.05638048767824437,0.055184525890144276,0.08551815980460589
301,0.026085307161723,0.049583326837093496,0.05379900946005653,0.08119920359477557
302,0.02167642605902157,0.048723356530252,0.05677419580860253,0.0833035166796307
303,0.025727487233912664,0.04901848062017,0.059007413188078006,0.08608940222155427
304,0.026716923717652673,0.04634168150419215,0.056980701912654405,0.08282323503651574
305,0.020488128777246296,0.04967871584487026,0.05758651707397428,0.08447468787413405
306,0.025159188218717665,0.05356561354709238,0.05801561211600888,0.08731433771142683
307,0.02094471723604973,0.053849625900192113,0.059222535868967634,0.08824182054266866
308,0.021774568197663637,0.04609189437756504,0.059195821247198833,0.08441922525574772
309,0.026876341088283847,0.046893144798371256,0.05826784142230177,0.08440204793031578
310,0.02215513766435786,0.047589790018344014,0.05179147124241267,0.07780188001802046
311,0.020893726512832975,0.04860813543406278,0.05918614840294682,0.08557958877126151
312,0.025395006138869664,0.04785388603087556,0.05088253598553254,0.07734897961485729
313,0.025107447780907736,0.05102359775683524,0.058044781520449194,0.08606732517695759
314,0.024224816119183895,0.04859622572107334,0.052432363706599795,0.07915295817905485
315,0.022015364604088775,0.0499252143666101,0.05452321118425808,0.08168735482797201
316,0.021742788258827958,0.05100862924145866,0.05466925276309531,0.08234784620970743
317,0.02,0.05086947267159574,0.05673539744872428,0.08411262073921476
318,0.025039167353453306,0.046188802701897486,0.051555521381564655,0.07715383946785873
319,0.021103927100315695,0.04923425258075722,0.051487728090070996,0.07821524709048118
320,0.021144850461411485,0.04902650135297246,0.05499117366069533,0.0816189093833227
321,0.028328112786881715,0.049275546813794154,0.05256985021176599,0.08004043489735124
322,0.021151949595686732,0.05009501454933677,0.050527356750068274,0.07769005898430534
323,0.02,0.051597426964971216,0.048829395962830854,0.07659690628187693
324,0.024166779489034677,0.04687670037416382,0.04764213395124209,0.07349716208722747
325,0.02662979598809428,0.046650150041739495,0.052924656444815546,0.07891271106449473
326,0.0221255088028942,0.05006074868813603,0.0509169078381349,0.07815983306249233
327,0.025337654834129877,0.04568691246889715,0.052651522457534274,0.07802874417539585
328,0.02,0.04845566570023299,0.04569831896634369,0.07172448639151735
329,0.0263082043917044,0.04233943792835927,0.048466437236033034,0.07226697663938311
330,0.026067798393905592,0.04183829628724621,0.046305314088529524,0.06983124207154319
331,0.02392928082904864,0.043568109166671025,0.04754504856011932,0.0717220312263597
332,0.02244475163650549,0.04522351926363996,0.04529178764861189,0.07014802244408241
333,0.02374682974111396,0.04733527638067424,0.046092306524997774,0.07213462768944628
334,0.026672793313698748,0.04400370621314931,0.051793485501865445,0.07646261793980998
335,0.026848040043824996,0.04031526228578703,0.04932906006895078,0.07217149521622679
336,0.026123288870271225,0.040962673649631215,0.05090250875460569,0.07399617446644842
337,0.0243783405260766,0.046374834731662935,0.04952494653842442,0.07515019795686355
338,0.02497602177475261,0.041330556783632524,0.05155314203684897,0.07471602260614049
339,0.02,0.04530377513723922,0.043555995762737554,0.06808885924090483
340,0.026125638963427397,0.03900791667693599,0.04366803612713277,0.06578455836194351
341,0.02245544973886944,0.041312956525719736,0.04562359431689337,0.06852561755364019
342,0.020844919669487087,0.043556020223741894,0.046759535655427585,0.07062203773424724
343,0.0205837403641478,0.04721002210621303,0.048848694404909306,0.0745120794944306
344,0.02,0.04433446415387889,0.05005522728689599,0.07409007871268529
345,0.02,0.04638736270251041,0.04645416010639211,0.07125931550436577
346,0.02,0.04467993868353406,0.048954117716815015,0.07311197368693272
347,0.02278995612455245,0.03754085081086906,0.04350757606454795,0.06455699708243773
348,0.02,0.04009797456834337,0.04323457032390685,0.06499068000023958
349,0.023003847704025606,0.04253226358277841,0.04586496760571948,0.06943148416751124
350,0.02,0.038866460427759764,0.04364831972021489,0.06474328980008061
351,0.02,0.04135485451512003,0.043001937797353756,0.06555603169341577
352,0.022521805913499764,0.044042421837939695,0.042969512181059585,0.0672429036913794
353,0.02,0.04042840646811407,0.04793202289481496,0.06988512104927319
354,0.02,0.03975309444178476,0.039820127289124554,0.06144356700775394
355,0.02,0.04146045918878417,0.048764419634604456,0.07109584171592981
356,0.02,0.04403400653066575,0.04394885896722189,0.06760572964525316
357,0.02,0.04424116400521167,0.04172643608391821,0.06561704713921675
358,0.02,0.03584708385214147,0.0429494599004761,0.0626292347415155
359,0.02,0.03882407834852577,0.04547659976573572,0.06681945479064513
360,0.02,0.03706568111892768,0.04527041315157428,0.06538891181938353
361,0.02,0.04136075665107896,0.039729195218290964,0.061968186658061794
362,0.02,0.041706993889210696,0.03837029109788418,0.06099045140527658
363,0.02,0.03451707416118152,0.04433327442899662,0.0632799103715061
364,0.020020303738781088,0.0438192278268158,0.04023626780657551,0.06414791209386152
365,0.02305233660355861,0.04261932672150113,0.040576737467908505,0.06419163448901494
366,0.02245448463874585,0.03529702767805047,0.04673477798394769,0.06662874028684751
367,0.021346231918481912,0.03938816755775018,0.039945603826642695,0.06177431079736598
368,0.022120982123695024,0.04284933946773763,0.04002073425447863,0.06365750220071695
369,0.020323798961054282,0.03939060671392183,0.038890880960340844,0.06061856421340719
370,0.020217162071979256,0.041234080543070026,0.037280545782968404,0.05991930226170134
371,0.02,0.03934207624112716,0.035871769028184036,0.05714656737435245
372,0.023180598346759812,0.03286414486907138,0.039983217661344606,0.058733349930556275
373,0.02,0.03562386390777172,0.03821977684071053,0.057507431745917936
374,0.02,0.03821966216747748,0.0418652497978854,0.06267974745853891
375,0.020508044693395004,0.04011994429122008,0.03977691061131037,0.06188768722625991
376,0.02,0.0415089139239838,0.04315576946115909,0.06540585702154086
377,0.02,0.03231861637463777,0.03887911261452931,0.056742115691846215
378,0.02,0.03654332084902448,0.037856143260679334,0.05797668017835427
379,0.02,0.036031108603732674,0.03886646450681028,0.05880490628967498
380,0.02,0.04067096828216996,0.034305979783199714,0.05638796300525015
381,0.02,0.03867985785378314,0.042169471106295625,0.06329987468589349
382,0.02,0.03237454761448763,0.042526699546161416,0.060207067954898684
383,0.02,0.032856180353952436,0.03994367207291784,0.05765432798853074
384,0.02,0.032403983574102235,0.034456844309400485,0.052232957615530706
385,0.02,0.03077436455413092,0.03450950169387764,0.05150382132231088
386,0.02,0.03290818920867147,0.03692253066093498,0.05507247337827062
387,0.02,0.033903384356718386,0.03313391279575877,0.05182938446586875
388,0.02,0.03890534547502909,0.04089248556354423,0.06175006342256986
389,0.02,0.03880075530828983,0.03701961999294138,0.05828967265168369
390,0.02,0.031282876125207686,0.03480523970596986,0.051671409047603284
391,0.02,0.0373881894355392,0.03283395580328651,0.0534260891287119
392,0.02,0.03238852275137526,0.039228234222619264,0.0570873574828045
393,0.02,0.03038572638266172,0.034302169770138495,0.050712141468695904
394,0.02,0.03063090364786411,0.03406480326230607,0.05065283965511063
395,0.02,0.033221413469446265,0.04067731442157371,0.05849044905120207
396,0.020628920573672032,0.03542710296657912,0.041026972439920206,0.060803415980576966
397,0.021217634981230263,0.03674421358019505,0.03757128148402713,0.05806515177224768
398,0.02,0.03801244082613904,0.035321272213663504,0.056160389145122426
399,0.020230382902044375,0.033190426372913966,0.0341004053700203,0.052718656846681713
400,0.02074854984525797,0.03004386936594649,0.03264331928339297,0.04974010895089201
401,0.02,0.030665287416524443,0.030339880681220312,0.047395777309255226
402,0.02,0.03800858225853079,0.03327561710837938,0.05394329533934849
403,0.02,0.030198048649972928,0.03571607376321285,0.052183216359598765
404,0.02,0.02846310098683532,0.03621666367381684,0.05222935038249443
405,0.02019179193087891,0.03445505805705903,0.031456311384324594,0.05070301960594199
406,0.02,0.030036253248379222,0.03802947222608572,0.05485968300159189
407,0.02,0.03154956672937636,0.031058998938786015,0.04858237029084243
408,0.02,0.036357633361297645,0.033487451541043003,0.053299676783266886
409,0.02,0.033040719394845035,0.038916433543312666,0.057138640444532304
410,0.02,0.03418111065299494,0.033329769074857046,0.051782894168695734
411,0.02,0.031625329771356216,0.03718845124470388,0.05420035819880199
412,0.02,0.02825961569299496,0.037883125132950335,0.053269148675432136
413,0.02,0.034252818730512856,0.03643303207609225,0.0547585911565245
414,0.02,0.03471916268914979,0.02842352385400893,0.04765437178248695
415,0.02,0.027495820860623264,0.02890178597706084,0.04416376414753584
416,0.02,0.034284479490946554,0.03034970308584215,0.049446437314513404
417,0.02,0.030862069499318762,0.03338542516774516,0.04998007908208379
418,0.02,0.027577046686492534,0.03439560077468308,0.04972093265051268
419,0.02,0.03316433624939211,0.02774704993539195,0.04575111894539816
420,0.02,0.030026849818919458,0.03000965314914325,0.046726299860010985
421,0.02,0.034078318198272964,0.03435436255435055,0.05265663070402615
422,0.02,0.03370496113943054,0.0340895984777108,0.05236360540023188
423,0.02,0.031852137440536686,0.030071290280005106,0.04791079960312003
424,0.02,0.030392934531434802,0.02736541878487409,0.04362970274352981
425,0.02,0.032333551923408324,0.027726935975471285,0.04573222595744494
426,0.02,0.02554339681957788,0.0327170595264712,0.04725226610143968
427,0.02,0.025000584799120613,0.028896843578481733,0.042658160093191594
428,0.02,0.032085029027630434,0.03557750388644801,0.052675561681221894
429,0.02,0.031911231019415835,0.03070736066014826,0.047985496607048234
430,0.02,0.02615001547315833,0.028680027811103043,0.04367065397482382
431,0.02,0.027554996498058086,0.02843890964795718,0.0435854976343643
432,0.02,0.033941814592207305,0.027410047542622676,0.04572332396351045
433,0.02,0.02679233303837718,0.03172824279856366,0.046357559252426725
434,0.02,0.0245749574466457,0.031588994871298876,0.04572918037175923
435,0.02,0.03364426303391754,0.030292980783167684,0.048233958865543734
436,0.02,0.03138317807530152,0.025799661524765087,0.04250560212297312
437,0.02,0.02723335690434652,0.02916555710223766,0.044678261041383116
438,0.02,0.027132739757651528,0.033319991244114104,0.04854011497905262
439,0.02,0.03017847308780941,0.031349878452993224,0.04764804170554919
440,0.02,0.03293594875535442,0.025169733995924128,0.04334352030797899
441,0.02,0.028984039462154394,0.030483803450276653,0.04638435094653354
442,0.02,0.0271821819411507,0.026481771561677313,0.04145700487869361
443,0.02,0.026686160347131845,0.03397249320975681,0.04856264030811144
444,0.02,0.026947347810800118,0.02726387505965744,0.04219236330695417
445,0.02,0.025100936147201554,0.02794982568380703,0.04202467004171101
446,0.02,0.026788969868387053,0.02878784484728365,0.04382753824147212
447,0.02,0.031815259371591055,0.02678682313185482,0.04444953469321174
448,0.02,0.02371079492122152,0.02992468826936376,0.04287138551521935
449,0.02,0.03128203848834302,0.027464969732406086,0.04401112444576189
450,0.02,0.02342518502263688,0.03129319153533104,0.04485350583411222
451,0.02,0.02958276708465487,0.028897240839509168,0.04507397402232258
452,0.02,0.028446376309940263,0.02924899340219346,0.04433800406499924
453,0.02,0.02432561662103411,0.028945711484025423,0.042787658538978424
454,0.02,0.029108550968089106,0.024536084552512365,0.04076605740901755
455,0.02,0.025919890615893643,0.029045220993914985,0.04369677950332765
456,0.02,0.02244326119329099,0.02850314719700321,0.04106065028465598
457,0.02,0.02894061042566575,0.029169284976028727,0.04512678331695733
458,0.02,0.025362017692256874,0.023502181154599525,0.0379217760694301
459,0.02,0.026297689676410996,0.024722207960575098,0.03886337006029055
460,0.02,0.028661550273559253,0.030236328605067975,0.04561881975054361
461,0.02,0.03051843654615396,0.031458549973957695,0.04824516421827374
462,0.02,0.025879401658973004,0.022849857736957198,0.037394910840662564
463,0.02,0.022967253572187474,0.02171170162265282,0.03445778425148679
464,0.02,0.025771707887965224,0.0275628781778689,0.04135032938548238
465,0.02,0.021887610338005965,0.03065270653274612,0.04247028998519914
466,0.02,0.024772896545028934,0.02542889665810826,0.03885127859983578
467,0.02,0.020811074966865177,0.030785781810686596,0.04261704587083161
468,0.02,0.026362278318877136,0.024060991880989833,0.03815786373517311
469,0.02,0.029607978991374226,0.022882685271377018,0.03852217132558473
470,0.02,0.02136414339527054,0.02571642503059559,0.03731132383025573
471,0.02,0.02159054864082157,0.021245544114439283,0.03342716575820803
472,0.02,0.02612280356140137,0.029827457907487302,0.044249542780076256
473,0.02,0.022813394077307602,0.029072339761793263,0.041373517609036105
474,0.02,0.02447646893395717,0.023974675846088683,0.03767242353397895
475,0.02,0.023193727787489526,0.025565566074774723,0.03852374885072571
476,0.02,0.022915433321447867,0.02369653503411136,0.03653556985798412
477,0.02,0.023553065710230425,0.023002406235391123,0.03613913601010376
478,0.02,0.020270074606145196,0.02776322581825052,0.03903101675486256
479,0.02,0.028175887089504838,0.020401170738903206,0.035754112370024155
480,0.02,0.028728772115210265,0.028351722473730336,0.0436552648429903
481,0.02,0.028316460124650715,0.024915956977693002,0.039885686009756754
482,0.02,0.02699901263765301,0.028817338490889875,0.043076981757827995
483,0.02,0.027183789708852067,0.026236284067406194,0.04084869917737842
484,0.02,0.02458545034168612,0.025256931373991494,0.038396975303009215
485,0.02,0.0252573431624778,0.02608749443589804,0.04038361354766142
486,0.02,0.02694120044388914,0.028737958953447162,0.04353025929703818
487,0.02,0.020095074720321234,0.020568681684396573,0.031396463788318216
488,0.02,0.027233147500839862,0.026787100090599057,0.04149016829592005
489,0.02,0.021712501895563518,0.02809265737499158,0.039646642128726435
490,0.02,0.021686427833144027,0.02525199041188969,0.037127339753723586
491,0.02,0.027687170309893018,0.02,0.034255255484948774
492,0.02,0.02,0.020389247384280537,0.030378034442489054
493,0.02,0.0231542391604916,0.025158117052807398,0.03794739258913154
494,0.02,0.02,0.02,0.02931227564933131
495,0.02,0.023218659397632804,0.02,0.03085305494797068
496,0.02,0.02036218568580316,0.02,0.03143971481928211
497,0.02,0.021367349277879717,0.02376599803558476,0.035504045920497884
498,0.02,0.02433489018457896,0.02,0.033036735018107416
499,0.02,0.020566382970105244,0.022271193457876308,0.03342467448903725
500,0.02,0.02,0.022587471443050563,0.03300195265008421
